1,"ABASTECEDORA HIGIENICA DE SONORA, S.A. DE C.V.",,AHS0503295N0,, , ,0
2,ABBOTT LABORATORIES DE MEXICO SA DE CV,,ALM84030811A,, , ,0
3,"ABBVIE FARMACÉUTICOS, SA DE CV",,AFA120703V98,,Maria Guadalupe Palestino Herrera ,"Boulevard Adolfo Ruiz Cortinez 3720, Oficina 10-001 (Edifi Wework Pedregal), Colonia Jardines del Pedregal. C.P. 01900 Ciudad de Mexico ",0
4,ABEL GUTIERREZ RAMOS Y/O INVESTIGACIÓN DIAGNÓSTICA,,GURA561126R41,5556-9349-95, Abel Gutiérrez Ramos," Calle Nicolás Bravo, mz. 22 lt.17, Col. Las Peñas Iztapalapa, C.P. 09750",0
5,ABSORVENTES GOMAR SA DE CV,,AGO120820532,, , ,0
6,ACCORD FARMA SA DE CV,STEPHANIE.HERNANDEZ@ACCPORDFARMA.COM.MX,AFA0610128Q0,5585-8246-10, ," Jaime Balmes #11, piso 3, int. 300 Torre D, Col Los Morales, Polanco",0
7,"ACCUTRACK, S.A. DE C.V.",,ACC011004NQ5,, , ,0
8,"AGYPROM, S.A. DE C.V.",,AGY090902UX8,, , ,0
9,ALCOHOLES Y MELAZAS DE MEXICO SA DE CV,info@alymel.com,MM070327B6,5552-0762-40, ," Durango 195, piso 5, Colonia Roma, C.P. 06700, Ciudad de México ",0
10,ALEACIONES DENTALES ZEYCO SA DE CV,,ADZ841009FY9,, , ,0
11,ALLEN LABORATORIOS SA DE CV,atencion.clientes@allenlaboratorios.com,,5555-6780-27, ," Av. Instituto Politécnico Nacional #4728, Colonia TlacamacaC.P. 07380, Alcaldía Venustiano Carranza, Ciudad de México",0
12,"ALLERGAN, S.A. DE C.V.",SERV_CLIENTES@ALLERGAN.COM,ALL820326MUA,,Migel Angel Mendoza Chavez,"Ave. Santa Fe 505, P11 Col. Cruz Manca Cdmx C.P. 05349 ",0
13,ALVARTIS PHARMA SA DE CV,,APH020424BJ5,, , ,0
14,AMAROX PHARMA S.A. DE C.V.,,CPH1512075J2,, , ,0
15,"AMBIDERM, S.A. DE C.V.",,AMB890104S63,,Javier Mauricio Calderon Bárcena ,Carr. A Bosques De San Isidro No. 1136 Col. San Isidro C.P. 45147 Zapopan Jalisco ,0
16,"AMGEN, S.A. DE C.V.",,AME060622FA5,, , ,0
17,"ARLEX DE MEXICO, S.A. DE C.V.",,AME810318I13,, , ,0
18,ARMSTRONG LABORATORIOS DE MÉXICO S.A. DE C.V.,,ALM780206E75,, ," Av. División del Norte 3311, Col. La Candelaria",0
19,"ARROW INTERNACIONAL DE MEXICO, S.A. DE C.V.",,AIM9307162M9,5550-0235-00, ," Av. Insurgentes Sur 800, Col del Valle, Alcaldía Benito Juárez, C.P. 03100, Ciudad de México",0
20,"ARTE MANUFACTURA Y COMERCIO, S.A. DE C.V.",,AMC9009132L3,, , ,0
21,"ARTICULOS DENTALES DEL NORTE, S.A. DE C.V.",,,8183-7512-29, ," Calle Colegio Civil 742, Col. Centro, Monterrey, Nuevo León.",0
22,ASOFARMA DE MEXICO S.A. DE C.V.,,AME9006135H0,, , ,0
23,ASPEN MEXICO S. DE R.L. DE C.V.,,WAY8711019F1,, , ,0
24,"ASPID, S.A. DE C.V.",lestrada@aspid.com.mx,,5525-9509-70, ," Bélgica 518, Col. Portales, C.P. 03300, Ciudad de México ",0
25,"ASTRA ZENECA, S.A. DE C.V.",andrea.conners@astrazeneca.com,AST961231B69,5553-7496-00, ," Periférico Sur 4305, Col. Jardines en la Montaña, Alcaldía Tlalpan. C.P. 14210, Ciudad de México.",0
26,"ATYDE MEXICO, S.A. DE C.V.",,AME051208JD9,, , ,0
27,"AUROVIDA FARMACEUTICA, S.A. DE C.V.",,AFA120210FL6,, , ,0
28,AXMILAB,,AXM031027L55,, , ,0
29,"B. BRAUN AESCULAP DE MÉXICO, S.A. DE C.V.",,BBA951010R72,, , ,0
30,"BAXTER, S.A. DE C.V.",,BAX871207MN3,, , ,0
31,"BAYER DE MÉXICO, S.A. DE C.V.",,BME820511SU5,, , ,0
32,"BECTON DICKINSON DE MEXICO, S.A. DE C.V.",,BDM571004IZ6,, , ,0
33,"BESINS HEALTHCARE MEXICO, S.A. DE C.V.",información@ besins-healthcare.com,,5554-4957-00, ," Camino de Santa Teresa #1040 PH 1001, Col. Jardines en la Montaña, Alcaldia Tlalpan CP 14210",0
34,BIO LEBEN,,BLE991208MF3,, , ,0
35,"BIO REG PHARMACEUTICALS, S.A. DE C.V.",,BRP031201-675,5533-3077-00, , Insurgentes sur 2376 Ciudad de México c.p.01070,0
36,BIOGEN MÉXICO S. DE R.L. DE C.V.,,BIM0604034D2,, ," Florencia 57 piso 3, Alcaldía Cuauhtemoc, Col. Juárez",0
37,"BIOMEP, S.A. DE C.V.",info@grupobiomep.com.mx,,"5555-2700-80, 01800-224-6637", , ,0
38,"BIORESEARCH DE MÉXICO, S.A. DE C.V.",,,5553-0052-73,Julio Alberto Ochoa Robert ,"Rio Totolica No. 15-A Fraccionamiento Industrial Naucalpan edo. Mexico C.P. 53370 Río Totolica 15-A, Fracc. Industrial Naucalpan C.P. 53370",0
39,"BIOSKINCO, S.A. DE C.V.",,BIO9803209V6,, , ,0
40,"BIOTECNOLOGÍAS DE OCCIDENTE, S.A. DE C.V.",contacto@biocsa.com,BOC1302013P4,3331-4608-91, ," Av. Ludwig Van Beethoven #4914, Lomas de Seminario, Zapopan Jalisco. C.P. 45038",0
41,"BMC MEDICAL MANUFACTURING, S.A. DE C.V.",info@bmcmm.com,,8183-7176-14, David López García," Calle Mina #102, Col. Emiliano Zapata, Monterrey, Nuevo León. C.P. 64398",0
42,"BMRN MÉXICO, S. DE C.L. DE C.V.",,BME0903312CA,, ," Florencia 57, piso 3, Col. Juárez, Alcaldía Cuauhtémoc, C.P. 06600 Ciudad de México",0
43,"BOEHRINGER- INGELHEIM, S.A. DE C.V.",proveedores.mex@boehringer-ingelheim.com,,5556-2983-00, ," Calle Maiz #49, Col. Barrio XALTOCN, Alcaldía Xochimilco, C.P. 16090, Ciudad de México",0
44,"BOSTON MEDICAL DEVICE DE MÉXICO, S. DE R.L. DE C.V."," KATIA,MENDOZA@BOSTONMEDDEVICE.COM",BMD-080516-984,5337-2828, ," OSO 40, MEZANINE PLANTA ALTA, DEL VALLE,BENITO JUAREZ,DISTRITO FEDERAL 3100",0
45,"BOSTON SCIENTIFIC DE MÉXICO, S.A. DE C.V.",,BSM961107QV7,, , ,0
46,"BRISTOL-MYERS SQUIBB DE MÉXICO, S.DE.R.L. DE C.V.",,BMS021213KG9,, , ,0
47,"BRULUAGSA, S.A. DE C.V.",muribe@bruluagsa.com,BRU0004257J9,01-712-216-22/33; ,Francisco Ortega Piedra ,"Ingeniero Salvador Sanchez Colin No. 1043, Colonia Atlacomulco, Atlacomulco Edo. Mexico. C.P. 50458 Calle 18, Lote 10, Manzana 23 2ª Sec.Pque.Ind. Atlacomulco, Estado de México. C.P. 50450",0
48,"BSN MEDICAL DC, S.A. DE C.V.",,BMD1404098S9,, , ,0
49,"BUFFINGTON S DE MEXICO, S.A. DE C.V.",info@buffington.com.mx,BME521203103,5555-2477-77, ," Jose María Rico #317, Colonia Acacias, Alcadía Benito Juárez, C.P. 03100, Ciudad de México",0
50,CARDINAL HEALTH MEXICO 514 S. DE R.L. DE C.V.,infopr@cardinalhealth.com,,7876-254100, ," Av. Presidente Masaryk #111, Colonia Polanco III sección, Alcaldía Miguel Hidalgo",0
51,CELGENE LOGISTICS SARL,celgenemexico@celgene.com,,5541-2367-00,Ricardo Swain Charpenel ,"Juan Salvador Agraz No. 65 Piso 17 Colonia Santa Fe Cuajimalpa, Delegacion o Municipio Cuajimalpa de Morelos, C.P. 05348, Ciudad de Mexico Juan Salvador Agraz #65 piso 17, Colonia Lomas de Santa Fe, Alcaldía Cuajimalpa, C.P. 05300",0
52,"CELL MEDICINE LABORATORIES, S.A. DE C.V.",,CML010126HZ6,, , ,0
53,"CENTRO DE DISTRIBUCIÓN DE PRODUCTOS HOSPITALARIOS, S.A. DE C.V.",ciphsa@intercable.net,CDP900131N65,8183-3390-19, ," Nicaragua#338, Col.Vista Hermosa, Monterrey Nuvo León C.P. 64620",0
54,"CHIESI MEXICO, S.A. DE C.V.",,,5540-4072-44, ," Av. Coyoacán 1622, edificio 2, piso 1-208B, Colonoa Del Valle, Alcaldía Benito Juárez",0
55,"CIMED, S.A. DE C.V.",,CIM980618AX5,, , ,0
56,"COHMEDIC, S.A. DE C.V.",,COH040928RY1,,Emir Ulises Díaz Santana Castaños ,"Av Justo Sierra 508, Agua Blanca Industrial, 45235 Zapopan, Jal. ",0
57,"COMERCIALIZADORA BREVER, S.A. DE C.V.",cubrebocasdelbajio@hotmail.com,,4773-3114-78, ," Calle Plata #114, Col San José del Consuelo, León Guanajuato.",0
58,"COMERCIALIZADORA DE PRODUCTOS BÁSICOS PARA LA SALUD, S.A. DE C.V.",,CPB080606M93,,Humberto Navarro Mandujano ,"Molino numero 13 Colonia Nextitla, delegacion Miguel Hidalgo, Ciudad de Mexico C.P. 11420 ",0
59,"COMPAÑÍA INDUSTRIAL ACERPLASTIC, S. A. DE C. V.",,,5553-7842-75, , ,0
60,"CONTROLADORA MEDIKA, S.A. DE C.V.",,,7773-0929-00, ," Calle 21, andador 12, Jiutepec, Morelos, C.P. 62578",0
61,CORPORINTER S.A. DE C.V.,,,3320-0265-55, ," Av. San Luis Gonzaga #5260, Colonoa Jardines de Guadalupe, Zapopan Jalisco, c.p. 45030",0
62,"CSL BEHRING, S.A. DE.C.V.",,CBE961029PU8,, , ,0
63,"DANKEL MEDICAL, S.A.P.I. DE C.V.",,DME0606212Z4,, , ,0
64,"DE OPERADORA NACIONAL E INTERNACIONAL DE PRODUCTOS ODONTOLOGICOS, S.A. DE C.V.",,,3331-2405-42, ," Av. Tepeyac #4437, Zapopan Jalisco, C.P. 45050",0
65,"DEGASA, S.A. DE C.V.",,DEG9807015H8,, , ,0
66,"DENTILAB, S.A. DE C.V.",,DEN861217P3A,, , ,0
67,"DESECHABLES G S, S.A. DE C.V.",,DGS110808GA8,, , ,0
68,DIBICO,,,, , ,0
69,"DISEÑO Y DESARROLLO MÉDICO, S.A. DE.C.V.",,DDM950901N65,, , ,0
70,"DISPOSITIVOS IMPLANTABLES DE MÉXICO, S.A. DE.C.V.",,DIM981123210,, , ,0
71,"DKT DE MEXICO, S.A. DE C.V.",,,, , ,0
72,"DL MÉDICA, S.A DE C.V.",,DME971017FZ7,,Ricardo Fernandez Guevara  ,"Tatavasco No. 79 Colonia Santa Catarina, Delegacion Coyoacan, Ciudad de Mexico. C.P. 04010 ",0
73,EDIGAR SA DE CV,,EDI780921CI4,, , ,0
74,"EDWARDS LIFESCIENCES MEXICO, S.A. DE C.V.",,ELM000317TN0,, , ,0
75,EISAI LABORATORIOS S DE R.L. DE C.V.,farmacovigilancia_mexico@eisai.com,,5541-6975-80, Ricardo Gonzalez Balboa," Interior 501A, Lago Alberto 319, Colonia Granada, Alcaldía Miguel Hidalgo C.P. 11520, Ciudad de México",0
76,"ELI LILLY Y COMPAÑÍA DE MÉXICO, S.A. DE C.V.",lilly@lilly.com,,5554-8438-00,Maria Angélica Becerril Pontaza ,"Calzada De Tlalpan No. 2024 Campestre Churubusco C.P. 04200 Calzada de Tlalpan 2024, Colonia Campestre Churubusco Alcaldía Coyoacán, C.P. 04200 Ciudad de México",0
77,"ENDOMEDICA, S.A. DE C.V.",,END860130349,, , ,0
78,"ENSAYOS Y TAMIZAJES DE MÉXICO, S.A. DE C.V.",,,5553-9655-38, ," Av. De las Granjas #156, Colonia Un Hogar para cada Trabajador, Alcaldía Azcapotzalco, C.P. 02060, Ciudad de México,",0
79,"EQUIPOS DE BIOMEDICINA DE MÉXICO, S.A. DE C.V.",,EBM880311177,, , ,0
80,"EQUIPOS MÉDICOS VIZCARRA, S.A.",,EMV640304779,, , 4200,0
81,"ESIGAR QUIRURGICA, S.A. DE C.V.",,EQU920220A97,, , ,0
82,"ESPECIALISTAS EN APLICACIONES Y SOPORTE TECNICO MEDICO, S.A. DE C.V.",,EAS080619B92,, , ,0
83,"ESPECIALISTAS EN ESTERILIZACIÓN Y ENVASE, S.A. DE C.V.",,EEE830909BM4,,Christian Viveros Hernandez ,Guillermo Barroso No. 11-A Fracc. Industrial Las Armas Tlalnepantla  C.P. 54080 ,0
84,"ESPECÍFICOS STENDHAL, S.A. DE C.V.",,,5520-0063-30, ," Camino a Santa Teresa #1040, Colonia Jardines en la Montaña, Alcadía, Tlalpan, c.p. 14210, Ciudad de México",0
85,ESTERIPHARMA SA DE CV,,EST071123FM4,, , ,0
86,"ETAL BAKER, S.A.",,EBA8204235Q5,5552-7830-00, ," Calle General Felipe Ángeles #52, Colonia Bella Vista, C.P. 01140, Ciudad de México.",0
87,"EVOLUTION PROCES, S.A. DE C.V.",,EPR040720395,, , ,0
88,"EXELTIS PHARMA MEXICO, S.A. DE C.V.",,,5555-3649-00, ," Av. Revolución 1267, Colonia Los Alpes, Alcald+ia Alvaro Obregon, c.p. 01040, ciudad de México",0
89,"FARMABIOT, S.A. DE .CV.",roberto.millan@farmabiot.com.mx,,7222-7903-58, ," Calle 2, lote 11, manzana 6, Parqie Industrial Toluca, C.P. 50200",0
90,"FARMACÉUTICA HISPANOAMERICANA, S.A. DE C.V.",,,5555-2783-13,Joscelyn Victoria Lopez Barrios ,"Leibnitz 11 Despacho 701 Colonia Anzures, Delagacion Miguel Hidalgo. C.P. 11590 Ciudad de Mexico Calle Leibnitz #11, piso 7, despacho 701, Colonia Anzures, Ciudad de México. C.P. 11590",0
91,"FARMADEXTRUM, S.A. DE C.V.",araceli.lara@farmadextrum.com,,5557-6815-86, ," Calle sur 105, #1205, Colonia Aeronáutica Militar, Alcaldía Venustriano Carranza, Ciudada de México. C.P. 15970",0
92,"FBLAB, S.A. DE C.V.",,FBL121010BY1,5555-1551-08, ," Agrarismo #13, Colonia Escandón primera sección, Alcaldía Miguel Hidalgo, C.P. 11800, Ciudad de México",0
93,"FCD LABS, S.A. DE C.V.",,FLA0601245P5,, , ,0
94,"FERRER THERAPEUTICS, S.A. DE C.V.",,FTH030723RK4,55 5687 4957, ," Av. Insurgentes Sur 710, Colonia del Valle Centro, Alcaldía Benito Juárez. C.P. 03100, Ciudad de México",0
95,"FERRING, PHARMACEUTICALS MÉXICO",,,7282-847140, ," Calle Nemesio Diaz Riega #15, Colonia Isidro Fabela, C.P. 52000, Lerma de Villada, Estado de México",0
96,"FRACA, S.A. DE C.V.",,FRA9909068W7,, ," Carretera kilómetro 12 Tepatitlán, Cidad San José de Gracia C.P. 47600 Guadalajara, Jalisco",0
97,"FRESENIUS KABI MEXICO, S.A. DE C.V.",,FKM4801155G8,, , ,0
98,GALA PHARMA SA DE CV,contacto@galapharma.com.mx,GPH160516ED7,5536-9379-11, ," Periférico Sur 5440, Colonia Olímpica, Alcaldía Coyoacán, Ciudad de México, C.P. 04700",0
99,"GALIA TEXTIL, S.A. DE C.V.",,GTE840618IJ7,,Jhovany Rodea Davila ,Reforma No. 250 8º Piso Torre B Col. Juarez 06600 Delg. Cuauhtemoc ,0
100,GE SISTEMAS MÉDICOS DE MÉXICO SA DE CV,,GSM920409JL6,, , ,0
101,"GELCAPS EXPORTADORA DE MEXICO, S.A. DE C.V.",,,5550-1000-00, ," Calle 7, número 6, Col. Industrial Alce Blanco, Naucalpan de Juárez, Estado de México",0
102,"GELPHARMA, S.A. DE C.V.",,GEL000105756,, , ,0
103,GILEAD SCIENCES MÉXICO S. DE R.L. DE CV,,GSM1406097M7,55-50056700, DANIEL ANTONIO DEL RIO LOAIZA," Av. Insurgentes Sur # 1431
Piso 9, Col. Insurgentes Mixcoac
Del. Miguel Hidalgo
C.P, 03920, Ciudad de México, México.",0
104,"GLAXOSMITHKLINE MÉXICO, S. A. DE C.V.",,GME970702SP5,, , ,0
105,"GLENMARK PHARMACEUTICALS MÉXICO, S.A. DE C.V.",oscarl@glenmorpharma.com,,5556-6305-54,Catalino Bocanegra Gomez ,"Insurgentes Sur 1685, Torre Diamante Piso 9, Despacho 903, Col. Guadalupe Inn, C.P. 01020 Insurgentes Sur 1685, piso 9-903, Colonia Guadalupe Inn, Ciudad de México, c.p. 01020",0
106,"GRIFOLS MEXICO, S.A. DE C.V.",anabertha.godinez@grifols.com,GME080501QL0,3336-361922, ," Eugenio Cuzin 909 y 913, Colonia Parque Industrial Belenes Norte, Zapopan, Jalisco 45150",0
107,"GRISI HNOS, S.A. DE C.V.",,GHN571231019,5556-2999-02, ," Amores 1746, Colonia Del Valle, Alcaldía Benito Juárez, C.P. 03100, Ciudad de México",0
108,"GRUNENTHAL DE MÉXICO, S.A. DE .C.V.",grunenthalteescucha.mx@grunentha.com,GME9809044C3,5556-4144-88, ," Periférico Sur 5991, Colonbia Arenal de Tepepan, Alcaldía Tlalpan, C.P. 14610, Ciudad de México ",0
109,GRUPO ALDAI SA DE CV,,GAL060425GM1,, , ,0
110,"GRUPO INDUSTRIAL POSEIDÓN, S.A. DE C.V.",contabilidad@corporativodl.com.mx,GIP870706PK9,5559-7560-60,Ricardo Fernandez Guevara  ,"Tatavasco No. 79 Colonia Santa Catarina, Delegacion Coyoacan, Ciudad de Mexico. C.P. 04010 Febrero de 1917, zona Industrial, Camino a Cocotitlán y Carril sin número, Chalco Estado de México, C.P. 3020",0
111,"GRUPO MORAVI, S.A. DE C.V.",,GMO890626BU0,, , ,0
112,GUERBET MEXICANA SA DE CV,,GME010706950,, , ,0
113,"HOSPITALES Y QUIROFANOS, S.A. DE C.V.",,HQU830207DZ1,, , ,0
114,"IMPORTADORA Y MANUFACTURERA BRULUART, S.A. DE C.V.",,IMB510327A78,,Francisco Ortega Piedra ,Geranios 9 San Francisco Chilpa Delegacion Tultitlan C.P. 54940 Estado de Mexico ,0
115,"IMPULSORA DE MATERIAL HOSPITALARIO, S.A. DE C.V.",,IMH090303484,4423-9142-18, ," Tecnologico 29, Colonia Centro Histórico, Querétaro, Querétaro, C.P. 76000",0
116,INDUSTRIAS PLASTICAS MEDICAS SA DE CV,ventas@ipm.mx,,7353-5560-24, ," Av. Vicente Guerrero #11, Cuautla, Ayala, Morelos, C.P. 62715",0
117,"INDUSTRIAS QUIMICO FARMACEUTICAS AMERICANAS, S.A. DE C.V.",,IQF390915327,, , ,0
118,"INDUSTRIAS SUANCA, S.A. DE C.V.",,ISU990420765,5558-1320-00, ," Nogal #64, Colonia San José de los Cedros, Alcaldía Cuajimalpa, C.P. 05200, Ciudad de México ",0
119,"INDUSTRIAS TUK, S.A. DE C.V.",,ITU781018RN1,, , ,0
120,INSTITUTO BIOCLON SA DE CV,,IBI980120V18,5554-8837-00, ," Calzada de Tlalpan 4687, Colonia Toriello Guerra, Alcaldia Tlalpan, C.P. 14050, Ciudad de México",0
121,"INSTRUMENTOS MÉDICOS INTERNACIONALES, S.A.DE C.V.",,IMI7904066I8,, , ,0
122,"INSTRUMENTOS Y ACCESORIOS AUTOMATIZADOS, S.A. DE C.V.",,IAA980126MD4,, , ,0
123,"INSUMOS DESECHABLES PARA LA SALUD, S.A. DE C.V.",indepsa@hotmail.com,,9999-2330-60, ," Calle 63 Sin número,Colonia Centro, Mérida, Yucatán. C.P. 97000",0
124,"INTEGRACIÓN E INNOVACIONES MÉDICAS, S.A. DE C.V.",,IEI070223QK1,5556-7293-41, ," Cascada #809, Planta Baja, Colonia Banjidal, Alcaldia Iztapalapa, C.P. 09479, Ciudad de México ",0
125,"INTERBIOL, S.A. DE C.V.",,,,Angel Vera Roa  ,"Poniente 126 No. 417 Int. 12-A Colonia Nueva Vallejo Delegacion Gustavo a Madero, C.P. 07750, Ciudad de Mexico ",0
126,INTERNACIONAL FARMACEUTICA S.A. DE C.V.,,IFA841005198,, , ,0
127,"INVESTIGACION FARMACEUTICA, S.A. DE C.V.",,IFA8310213W1,7773-1941-22, ," Calle 13A, Este #5,Colonia Civac, Jiutepec, Morelos",0
128,"INVESTIGACION Y DESARROLLO EN EQUIPO MEDICO, S.A. DE C.V.",,IDE990325F57,, , ,0
129,"IPSEN MEXICO, S.DE R.L. DE .C.V.",,,5536-4021-00, ," Av. Presidente Masaryk #29, Interior 9, Colonia Chapultepec, Morales, Alcaldía Miguel Hidalgo, C.P. 11570, Ciudad de México",0
130,"JANEL, S.A. DE C.V.",,JAN8108053K8,5556-4690-00,Angel Saldaña Reyes ,"Calle Soja No. 85, Colonia Granjas Esmeralda, Alcaldia Iztapalapa. C.p. 09810, Ciudad de Mexico Soja #85, Colonia Granjas Esmeralda, C.P. 09810, Ciudad de México",0
131,JANSSEN CILAG DE MÉXICO S. DE R.L. DE C.V.,ijperez@janmx.jmj.com,JME841231168,5553-2724-00, ," Canoa 79, Colonia San Angel, Alcaldia Alvaro Obregón, Ciudad de México.",0
132,"JANSSEN CILAG, S.A. DE C.V.",,,5554-8423-00, ," Av. Miguel ángel de Quevedo 247, Colonia Romero de Terreros, Alcaldía Coyoacán, C.P. 04010, Ciudad de México",0
133,JESUS TORRES MONTES,productosbetel@prodigy.net.mx,TOMJ550120EE5,5553-9085-07, ," Calle Emilio Cárdenas #55 Interiro 1, Tlalnepantla,Centro Histórico, Estado de México, C.P. 54000",0
134,"JOHNSON AND JOHNSON MEDICAL MÉXICO, S.A. DE C.V.",,JJM920909BM6,, , ,0
135,JUSTESA IMAGEN MEXICANA SA DE CV,,JIM930715P17,, , ,0
136,KABLA COMERCIAL S.A. DE C.V.,,KCO040707BB5,, , ,0
137,"KEDRION MEXICANA, S.A. DE C.V.",,,5555-5944-78, ," Insurgemtes Sur 1196, piso 9, Torre de los Parques, Colonia Tlacoquemecatl del Valle, C.P. 03200, Ciudad de México",0
138,"KENDALL DE MEXICO, S.A DE C.V.",,KME590502HY7,, , ,0
139,"LABORATORIO BIOQUÍMICO MEXICANO, S.A DE C.V.",,LBM840828HXA,,Maria Antonieta Guillermina Garmendia Ramirez ,"Calle Leon Tolstoi No. 18, 101-A, Colonia Anzures, Alcaldia Miguel Hidalgo, C.P. 11590, Ciudad de Mexico ",0
140,"LABORATORIO MEDICO QUIMICO BIOLOGICO, S.A. DE C.V.",,LMQ011226313,, , ,0
141,"LABORATORIO RAAM DE SAHUAYO, S.A. DE C.V.",,,3535-3249-07, ," Blvd. Lázaro Cárdenas Norte, Sur 794, Colonia Centro 1, Sahuayo de Morelos Michoacán",0
142,"LABORATORIOS ALPHARMA, S.A. DE C.V.",yessica.muñoz@neolpharma.com,LAL690421KQ0,5512-5312-00,Ramón Cipriano Barrera ,"Poniente 150, No. Ext. 764, Interior 2, Col. Industrial Vallejo, C.P. 02300, Delegacion Azcapotzalco, Ciudad De México Poniente 150 #764,Colonia Industrial Vallejo, C.P. 02300, Ciudad de México, ",0
143,"LABORATORIOS BYM, S.A. DE C.V.",,LBY0701173R0,, ," Valle de México 144, Nezahualcoyotl, Estado de México, C.P. 57100",0
144,"LABORATORIOS CORNE, S.A. DE C.V.",,LCO040909464,01800-021-22-33, ," Presidente Masaryk 111 PH1-PISO 8 Colonia Chapultepec, Los Morales, C.P. 11570 Ciudad de México",0
145,"LABORATORIOS CRYOPHARMA, S.A. DE C.V.",,LCR640311740,,Alejandro Calderon Diaz ,"Carretera Guadalajara Morelia Km 22.5 Colonia Santa Cruz de las Flores, Tlajomulco de Zuñiga, Entidad Federativa Jalisco, Colonia Santa cruz de las Flores. C.p. 45640 ",0
146,"LABORATORIOS DE BIOLÓGICOS Y REACTIVOS DE MÉXICO, S.A DE C.V.",,,5554-2228-40, ," Eje CentralLázaro Cárdenas 913, Colonia Vertiz Narvarte, Alcaldía Benito Juárez, Ciudad de Méxio",0
147,LABORATORIOS DIBA S.A.,,LDI760915PN5,01800-710-5348, ," Escorsa #728, Colonia Moderna, Guadalajara, Jalisco, C.P. 44190",0
148,"LABORATORIOS GRIN, S. A. DE C. V.",,LGR8309144M3,, , ,0
149,"LABORATORIOS GROSSMAN, S.A",,LGR530810UU8,,Ana Lilia Romero Albarran ,"Calzada De Tlalpan No. 2021, Colonia Parque San Andres, Alcaldia Coyoacan, C.P. 04040, Ciudad de Mexico  ",0
150,"LABORATORIOS JAYOR, S.A. DE C.V.",,LJA0303264L5,,Dulce Maria Cisneros Garcia ,"Av. De Los Angeles No. 303, Bodega 3-A, Col. San Martín Xochinahuac , Deleg. Azcapotzalco, C.P. 02120, Ciudad De México. ",0
151,"LABORATORIOS KENER, S.A. DE C.V.",,LKE6001278F9,, , ,0
152,"LABORATORIOS LE ROY, S.A. DE C.V.",,LLR8305119Y9,,Xochitl Montoya Cervantes ,"Av. Coyoacan 1622, Colonia Santa Cruz Atoyac, Delegacion , benito Juarez, C.P. 03100, Ciudad de Mexico ",0
153,"LABORATORIOS PISA, S.A. DE C.V.",,LPI830527KJ2,,Manuel Cerritos Tovar ,"Av. España No. 1840, Colonia Moderna, Entidad Federativa Jalisco, C.P. 44190, Guadalajara Jalisco ",0
154,"LABORATORIOS PIZZARD, S.A. DE C.V.",,,52 (33) 3283-0000,Alejandro Calderon Diaz ,"Km. 22.5 Carretera Guadalajara Morelia, Colonia Santa Cruz de las Flores, Tlajomulco de Zuñiga, C.P. 45640, Entidad Federativa Jalisco Km. 22.5 Carretera Guadalajara-Morelia, C.P. 45640 Tlajomulco de Zúñiga, Jalisco, México",0
155,"LABORATORIOS QUIMICA SON S, S.A. DE C.V.",ventas@quimicason.com.mx,,222 303 0600, ," Boulevard de los reyes 6217, San Bernardino Tlaxcalamcingo, Puebla c.p. 72820",0
156,"LABORATORIOS QUIMPHARMA, S.A. DE C.V.",info@quimpharma.com.mx,LQU020614AP1,5555416392, ," Calle Pino 343 Col. Santa Maria la Rivera Alcaldia Cuahutemoc, cp.p 06400, Ciudad de Mexico",0
157,LABORATORIOS RAAM DE SAHUAYO,inforaam@laboratorioraam.com,,3535-3249-07, ," Boulevard Lázaro Cárdenas Norte punto Sir 794, Colonia Centro Uno, C.P. 59099, Sahuayo de Morelos Michoacán",0
158,LABORATORIOS RUSSEK S. DE R.L. DE C.V.,info@loeffler.com.mx,LRU041117TJ5,5526-2691-00,Jose Israel Morales Almeraya ,"Calzada de las Armas 110, Colonia Industrial las Armas, Tlalnepantla de Baz, C.P. 54080 Estado de Mexico Calzada de las Armas 110, Colonia las Armas, c.p. 54080, Estado de México",0
159,"LABORATORIOS SALUS, S.A. DE C.V.",,LSA4605061F8,,Alejandro Calderon Diaz ,"Km. 22.5 Carretera Guadalajara Morelia, Colonia Santa Cruz de las Flores, Tlajomulco de Zuñiga, C.P. 45640, Entidad Federativa Jalisco Sahuayo, Michoacán, México C.P. 59000",0
160,"LABORATORIOS SENOSIAIN, S.A. DE. C.V.",,LSE830905MA4,, , ,0
161,"LABORATORIOS SILANES, S.A. DE C.V.",,LSI8112153I7,, , ,0
162,"LABORATORIOS SOLFRAN, S.A.",,LSO741128J68,, , ,0
163,"LABORATORIOS SOPHIA, S.A. DE C.V.",,LSO8412216D2,, , ,0
164,"LABORATORIOS SYDENHAM, S.A. DE C.V.",labsy@hotmail.com.mx,LSY490722BN1,5556-5972-10, ," Prolongación Moctezuma #58, Colonia San Francisco, Alcaldia Coyoacán, C.P. 04310, Ciudad de México",0
165,"LABORATORIOS TORRENT, S.A. DE C.V.",,LTO060320QN2,, ," Av. Insurgemtes Sur 2453, Colonia Tizapan, Alcaldía Alvaro Obregón,Ciudad de México",0
166,"LABORATORIOS VALDECASAS, S.A.",,LVA491122EB9,, , ,0
167,"LABORATORIOS VANQUISH, S.A. DE C.V.",,LVA020208R61,, , ,0
168,"LABORATORIOS ZEYCO, S.A. DE C.V.",gobierno@zeyco.com.mx,LZE840201RK5,3332-0838-27,Ana Karen Alomia Castelo ,"Calle Camino A Santa Ana Tepetitlán No. 2230, Col. Santa Ana Tepetitlán, C.P. 45230, Zapopán Jalisco Camino Santa Ana #2230, Colonia Santa Ana Tepetitlán, c.p. 45230, Zapopan, Jalisco",0
169,"LANDSTEINER SCIENTIFIC, S.A. DE C.V.",wgonzalez@landsteiner.com,,5554-4936-90, ," Periférico Sur 4118, piso 6, Colonia jardines del Pedregal, C.P. 01900, Ciudad de México.",0
170,"LEFARMA, S.A. DE C.V.",contabilidad@superlife.com.mx,LEF1307081G9,3336-2712-12, , ,0
171,"LEMERY, S.A. DE C.V.",,LEM831109223,,Laura Mendez Coronado ,"Martires De Río Blanco 54, Col. Huichapan, Alcaldía Xochimilco, C.P. 16030, Cdmx ",0
172,LEO PHARMACEUTICALS S. DE R.L. DE C.V.,drug.safely@leo-pharna.com,,5536-8474-00, ," Anillo Periférico 3642, Colonia Jardines del Pederal, Alcald+ia Alvaro Obregón",0
173,"LOEFFLER, S.A. DE C.V.",gloe@prodigy.net.mx,GLO-000208F,5552-3324-77, ," Pnienente 134 #596 B Colonia Industrial Vallejo Alcald+ia Azcapotzalco, Ciudad de México",0
174,"LUNDBECK MÉXICO, S.A. DE C.V.",,,,Armando Patiño Vazquez ,"Av. Insurgentes Sur 1605 Piso 28 De Torre Mural, San Jose Insurgentes, 03900, Benito Juárez ",0
175,MARCAS NESTLE,,MNE0409226K9,, , ,0
176,MARIO JOSE DEL RIO ESTRADA,maderiesa@hotmail.com,,, MARIO JOSE DEL RIO ESTRADA, ,0
177,"MATCUR, S.A. DE C.V.",,MAT900112GN4,, , ,0
178,"MATERIALES BIOTECNOLOGICOS, S.A. DE C.V.",,,, , ,0
179,"MATERIALES Y MEDICAMENTOS LIDES, S.A. DE C.V.",,MML9001294F3,, , ,0
180,"MAVI FARMACÉUTICA, S.A. DE C.V.",ventas@mavifarmaceutica.com,,5510-8424-90, ," Puente de Xoco #35, Colonia Xoco, Alcaldía Benito Juárez, C.P. 03330, Ciudad de México",0
181,"MEAD JOHNSON NUTRICIONALES DE MEXICO, S. DE R.L. DE C.V.",,,5511-039400, ," Lago Zurich #245, Colonia Ampliación Granada, Alcaldía Miguel Hidalgo ",0
182,"MEBCO, S. DE R.L. DE C.V.",soporte1@medcom.net.mx,,5556-6220-95, ," Insurgentes Sur 1814, Colonia Florida, Ciudad de México",0
183,"MEDA PHARMA, S. DE R.L. DE C.V.",,,5530-8927-55, ," Pico de Orizaba # 435, Jardnes en la Montaña, Alcaldía Tlalpan, C.P. 14210",0
184,"MEDICA TEYCO, S.A DE C.V",,MTE150924MB9,5521-6040-57, ," Rio Nacozari # 14, La Magdalena Contreras, C.P. 10810, Ciudad de México.",0
185,"MEDICONSA, S.A. DE .C.V.",contador@compharma.com.mx,,5553-4770-63, ," Torcuato Tasso #245, Colonia Bosque de CHAULTEPEC, Primera Sección. C.P. 11580, Ciudad de México",0
186,"MEDIMARCAS, S.A. DE C.V.",,MED110727DK5,3311-9976-46, ," Av. López Mateos #595, Colonia Jardines del Bosque, C.P. 44520, Guadalajara, Jalisco",0
187,"MEDISYN, S.A. DE C.V. / INHABILITADO",ventas_medisihoo.com.mx,MED8409104W8,5552-6054-64, ," Lago Zirahuen # 171, Colonia Anahuac, Alcaldía Miguel Hidalgo, Ciudad de México.",0
188,"MEDLIAR PHARMA, S.A. DE C.V.",  karen.navarro@medfusion.mx,MPH1505066D5,(0133)14049184, ," PASEO SANTILLANA No. 16, Zapopan, Jalisco, 45019",0
189,"MEDNEÜ SOLUTIONS, S.A. DE C.V.",daleman@medneusolutions.com,MSO160926C28,, ," Montecito 38, Piso 26, Despacho 7 Nápoles 03810 Ciudad de México",0
190,MEDSTENT,,MED950301RK2,, , ,0
191,"MEDTRONIC, S. DE R.L. DE C.V.",,MED730308NF0,, , ,0
192,"MEDVIZ, S.A. DE C.V.",,MED100423F47,, , INDIANAPOLIS 7 BENITO JUAREZ DISTRITO FEDERAL 03800,0
193,"MEL DE MEXICO, S.A. DE C.V.",MELMEX@MEL-MEX.COM.MX,,55 5260 2310, ," Calle Lago Mayor 40, Anáhuac I Secc, Miguel Hidalgo, 11320 Ciudad de México, CDMX",0
194,"MERCK SHARP & DOMHE COMERCIALIZADORA, S. DE R. L. DE C.V.",contactoacompaname@merck.com,MS&040819FJA,55 5481 9600, CARLA SOFIA PEREZ PAEZ," Av. San Jerónimo 369, Tizapán San Ángel, Tizapán, Álvaro Obregón, 01090 Ciudad de México, CDMX",0
195,"MERCK, S.A. DE C.V.",,MER551201D48,,Agustin Omar Rosas Gonzalez ,"Calle 5, Numero 7, Fraccionamiento Industrial Alce Blanco, C.P. 53370, Naucalpan De Juarez, Estado De México. ",0
196,"MERKA MED DESECHABLES, S.A. DE C.V.",ventas@merkamed.com.mx,MMD0608153FA,01 (55) 5612 4745, ," Manuel Acuña 80 Col. Jacarandas, Del. Iztapalapa México D.F. C.P. 09280, ",0
197,"MERZ PHARMA, S.A. DE C.V.",ERIKABECERRA@MERZ.COM,, 55 9140 0650,Guillermo Trujillo Beltran ,"Boulevard Adolfo Ruiz Cortines NO. 3720, Torre III Piso 4, Jardines del Pedregal, Alvaro Obregon. C.P. 01900, Ciudad de Mexico Boulevard Adolfo Ruiz Cortines Número 3720, Torre III, Piso 4, Colonia, Jardines del Pedregal, 01900 México",0
198,"MICRO PHARMACEUTICALS MEXICO, S. DE R.L. DE C.V.",contador@micromex-labs.com,,52-92-29-44 / 52923184, , Guillermo González Camarena 900 Ed.Pza.Santa Fe,0
199,"MOKSHA8 FARMACÉUTICA, S.DE R.L. DE C.V.",us.wm@moksha8.com,,5544-3129-33, ," Paseo de los Tamarindos #90, Torre 1, Colonia Cuajimalpa, Alcaldía Cuajimalpa de Morelos , Ciudad de México",0
200,"MUNDIPHARMA DE MEXICO, S. DE R.L. DE C.V.",,,52 (55) 6585 0610, ILSE BOLANOS ARTEAGA," AVENIDA JAVIER BARROS SIERRA, #540, Int. 7, CONJUNTO HABITACIONAL HACIENDA SANTA FE, Álvaro Obregón, ÁLVARO OBREGÓN, DURANGO, MÉXICO, CP: 1210",0
201,"NEOLPHARMA, S.A. DE C.V.",,,, , ,0
202,"NOVAG INFANCIA, S.A. DE C.V.",,NIN780801IH0,, , ,0
203,"NOVARTIS FARMACÉUTICA, S.A. DE C.V.",,NFA971101EDA,,Leonor Juarez Dahuss ,"Calzada de Tlalpan 1779, Colonia San Diego Churubusco, Delegacion Coyoacan, C.P. 04120, cdmx ",0
204,"NOVO NORDISK, S.A. DE C.V.",,NNM040713CM7,,Debasis Guha ,"Homero 1500, piso 3 Colonia Polanco Chapultepec, Miguel Hidalgo C.P. 11560 ",0
205,NOVOINJERTOS S.C.,http://novoinjertos.com/,,525 534 2641, ," Amores 1554, Del Valle, Benito Juárez, 03100 Ciudad de México, CDMX",0
206,"NUCITEC, S.A. DE C.V.",,NUC990310RN5,,Concepción Ignacio Olalde ,"Av Jurica 116, Parque Industrial Querétaro, 76220 Querétaro, Qro. ",0
207,"OCTAPHARMA, S.A. DE C.V.",,OCT0303257R2,,Ing. Angel Servando Sosa Hurtado ,"Calzada Mexico Tacuba No. 1419  Entre Ing. Militares Esq. Gral. Arista, Argentina Poniente, 11230, Cdmx ",0
208,"OFFENBACH MEXICANA, S.A. DE C.V.",rubenog@offenbach.com.mx,,5552-0255-36, ," Acueducto 15, Reforma Social, Alcaldía Miguel Hidalgo, C.P. 11650 Ciudad de México, CDMX",0
209,OLYMPUS AMERICA DE MEXICO SA DE CV,,OAM941215RR0,, , ,0
210,PAROLI SOLUTIONS SA DE CV,,PSO051214QF9,, , ,0
211,PASTEUR HEALTH CARE SA DE CV,,PHC120706K97,, , ,0
212,"PDM CONSORCIO DENTAL, S.A. DE C.V.",,PCD1410079D4,, ," Coyuya 26, Colonia Colica,Alcaldía Iztacalco, C.P. 08320, Ciudad de México",0
213,"PFIZER, S.A. DE C.V.",,PFI730206632,, , ,0
214,PHARMACOS EXAKTA SA DE CV,,PEX570708IM2,, , ,0
215,"PHARMASERVICE, S.A. DE C.V.",,PHA0301076G0,4423-1227-13, ," Calle 3, Fraccionamiento Industrial Benito Juárez, Querétaro, C.P. 76120",0
216,"PLÁSTICOS Y MATERIAS PRIMAS, S.A. DE C.V.",llopez@corpcab.com.mx,EMP840315NX5,3336-7816-66, ," Juan de la Barrera #3609, Colonia Álamo Industrial, Guadalajara, Jalisco, C.P. 44470",0
217,"PRESEFA, S.A. DE C.V.",,PRE1011099W5,, , ,0
218,"PROBIOMED, S.A. DE C.V.",,PRO780201IDA,,Fernando Barajas Marin ,"San esteban No. 88 Colonia Santo Tomas Azcapotzalco, C.P. 02020, Ciudad de Mexico ",0
219,PRODUCTOS BARD DE MEXICO SA DE CV,,PBM950628H88,, , ,0
220,PRODUCTOS CIENTÍFICOS S.A. DE C.V.,,PCI410227884,, , ,0
221,"PRODUCTOS FARMACEUTICOS COLLINS, S.A. DE C.V.",arcopfc@collins.com.mx,PFC8301273D1,3333-4551-00, ," Av. López Mateos #1938, Colonia Agua Blanca, Zapopan, Jalisco",0
222,"PRODUCTOS FARMACÉUTICOS, S.A. DE C.V.",,PFA800109TG4,, , ,0
223,"PRODUCTOS GALENO, S. DE R.L.",holy_licitaciones2@yahoo.com,PGA601213GY1,5553-5883-45, ," Calle Escape #30, Colonia San Francisco, Cuautlalpan, C.P.53569, Naucalpan de Juárez",0
224,"PRODUCTOS MAVER, S.A. DE C.V.",,PMA930216GB2,3336-6618-73, ," Calle Av. Oleoducto #2804, Fraccionamiento álamo Industrail. C.P. 44490, Guadalajara, Jalisco",0
225,PRODUCTOS MEDIX SA DE CV,,PME5605296V4,800-366-3349, ," Calzada del Hueso 39, Colonia Ejido Viejo de Santa Úrsula, Coapa, Alcaldia, Coyoacán, C.P. 04650, Ciudad de México ",0
226,"PRODUCTOS ROCHE, S.A. DE C.V.",info@roche.com,PRO670428F1A,, ," Cerrada de Bezares #9, Colonia Lomas de Bezares, Alcaldía Mgiuel Hidalgo, C.P. 11910,Ciudad de México",0
227,PROFACE SA DE CV,info@profacemx.com,,3338-0503-05, ," Calle Circuito San Eduardo #399, Interior 102-C, Colonia San Juan de Ocotán, Zapopan, Jañisco, C.p. 45019",0
228,PROFILATEX SA DE CV,ventas_profilatex@corporativodl.com.mx,,5559-7515-72, ," Calle 5 de Febrero de 1917, #4, Zona Industrial Chalco, Claco de Díaz Covarrubias, C.P. 56600, Estado de México",0
229,"PROGELA, S.A. DE C.V.",,PRO720307I77,5555-4414-.92, ," Ecocia #44, Colonia Parqie San Andrés, C.P. 04040, Alcaldía Coyoacán",0
230,"PROMESURGICAL, S.A. DE C.V.",,PRO120815NHA,, , ,0
231,"PROQUIGAMA, S.A. DE C.V.",,PRO820519TM6,, , ,0
232,"PROTEIN, S.A. DE C.V.",,PRO860604EE2,, , ,0
233,"PROVEEDORA GAMA MEDICAL SERVICE, S.A. DE C.V.",,PGM080926192,, , ,0
234,"PSICOFARMA, S.A. DE C.V.",info@psicofarma.com.mx,PSI741010UI1,800-112-7346,Juan Manuel Chavez Amezcua ,"Calzada de Tlalpan 4369, Toriello Guerra, Delegacion Tlalpan, C.P. 14050, ciudad de mexico Calzada de Tlalpan #4369, Colonia Toriello Guerra, C.P. 14050  Aalcaldía Tlalpan, Ciudad de México",0
235,"QUIMICA Y FARMACIA, S.A. DE C.V.",angel.sanchez@perrigo.mx,QFA830613BM2,5555-3693-06, ," Av. Insurgentes Sur 619, Colonia Nápoles, Alcaldia Benito Juárez, C.P. 03810, Ciudad de México",0
236,"QUIRMEX, S.A. DE C.V.",,QUI040525KW7,, , ,0
237,"RANDALL LABORATORIES, S.A. DE C.V.",lucia.garcia@randall.com.mx,RLA941110MB8,5555-4500-88, ," Lago Rodolfo 58, Colonia Chapultepec Morales, Colonia Granada, C.P. 11520, Alcaldía Miguel Hidalgo, Ciudad de México",0
238,"REPRESENTACIONES MEX-AMERICA, S.A. DE C.V.",RHUMANOS@REMEXA.COM,RMA450508J76,5555-7835-70, ," Diagonal 20 de noviembre #264, Colonia Obrera, C.P. 06800, Ciudad de México",0
239,"RICAP, S.A. DE C.V.",,RIC920428FU3,, , ,0
240,ROCHE DE MEXICO S.A. DE C.V.,martha.ruiz@roche.com.mx,, (722)236-10-12 , ," CERRADA DE BEZARES No. 9, LOMAS DE BEZARES, MIGUEL HIDALGO, CIUDAD DE MÉXICO",0
241,"SALUD INTEGRAL SW, S DE R.L DE C",,SIS130214FT8,,Victor Manuel Lopez Lisjuan ,"Av. Baja California 245 Int. 1101. Col. Hipodromo Condesa, Delegación Cuauhtémoc, C.P. 06170, , ,  ",0
242,"SANDOZ, S.A. DE C.V.",linea.mexico@sandoz.com,SAN641110MK7,5554-8234-00, ," La Candelaria #186, Colonia Aatlántida, Alcaldía Coyoacán, C.P. 04370, Ciudad de México",0
243,"SANOFI AVENTIS DE MEXICO, S.A. DE C.V.",,SAM951123978,, , ,0
244,"SANOFI-AVENTIS WINTHROP, S.A. DE C.V.",,SWI951207KLA,,Lic. Ruben Neri Ruiz ,"Av. Universidad 1738, colonia coyoacan centro, Alcaldia Coyoacan, C.P. 04000, Ciudad de Mexico ",0
245,"SCHERING PLOUGH, S.A. DE C.V.",,SPL910701FD9,5557-2844-44, ," Av. 16 de septie,bre #301, Xochimilco, Ciuadad de México. ",0
246,"SCHWABE MÉXICO, S.A. DE C.V.",comunicación@schwabepharma.mx,,5552-0026-80,Sebastien Michelle Francois Masson ,"Bufalo 27 , Del Valle, 03100, Benito Juárez Búfalo 27, Colonia Del Valle Sur, Alcaldía Benito Juárez, C.P. 03100, Ciudad de México",0
247,"SEQUI, S.A. DE C.V.",,SEQ000612L77,, , ,0
248,"SERRAL, S.A. DE C.V.",,LSE071206IX6,, , ,0
249,SHIRE PHARMACEUTICALS MEXICO S.A. DE C.V.,,,5515-0098-00, ," Av. Paseo de la Reforma 483, Colonia Cuauhtémoc, C.P. 06500, Ciudad de México ",0
250,SIEGFRIED RHEIN SA DE CV,aluna@siegfried.com.mx,SRH941004ERA,5510-5526-00, ," Antonio Dovali Jaime #70, Torre D, piso 12, Colonia Santa Fe, Alcaldía ávaro Obregón, C.P. 01210, Ciudad de México",0
251,"SJ MEDICAL MÉXICO, S. DE R.L. DE C.V.",,SMM0809235UA,, , ,0
252,"SMITH & NEPHEW, S.A. DE C.V.",,S&N921215RG4,, , ,0
253,"SOLARA, S.A. DE C.V.",,SOL600525FC9,800-0030-202, ," Calle 5 de mayo S/NÚEMRO. Colonia Toluca de Lerdo, Estado de México",0
254,SOLUCIONES EN LIDERAZGO FARMACEUTICO S.A. DE C.V.,contacto@solidfarma.com,SLF1006265D1,5541-6069-07, ," Boulevard Adolfo López Mateos 3395 Colonia Rincón del Pedregal, Alcaldía Álvaro Obregon C.P. 14120, Ciudad de México",0
255,"SOLUCIONES MEDICAS COMERCIAL, S.A. DE C.V.",,SMC0611087G5,, , ,0
256,SONOMEDICS S.A. DE C.V.,,SON070222MH9,, , ,0
257,"STERN PHARMA GMBH, S.A. DE C.V.",,SPG060508AF7,7282-8780-05, ," Avenida Acueducto, Avenida Lerma #9, Colonia del Alto, San Pedro Cholula, c.p. 52700",0
258,"SUPLIMEX, S.A. DE C.V.",,SUP060615BY8,, , ,0
259,"SURTIDORA MEDICA DE OCCIDENTE, S.A. DE C.V.",,SMO080806B65,3311-9976-46, ," Av. Adolfo López Mateos Sur 595, Colonia Jardines del Bosque Centro, C.P. 44520, Guadalajara, Jalisco",0
260,"SYNTHON MEXICO, S.A. DE C.V.",,,3331-8890-09, ," Anillo Periférico Sur Manuel Gómez Morín, #8565-A Colonia El mante, C.P. 45609. San Pedro Tlaquepaque, Jalisco",0
261,"TAKEDA MEXICO, S.A. DE C.V.",berenice.villanueva@takeda.com,,2106-3878-00,Julio Lacorte Rodriguez ,"Av. Primero de Mayo 130 Colonia Industrial Atoto, Naucalpan de Juarez, c.p.53519 Av. 1 De mayo #130, Colonia Industrial Atoto, Naucalpan de México. C.P. 53519",0
262,"TECHNODOMUS, S.A. DE C.V.",info@technodomus.com,TEC021010K9A,5553-3632-12, ," Calle Escocia 24, Col. Parque San Andrés, Coyoacán, C.P. 04040, Ciudad de México",0
263,"TECNICA MEDICAL, S.A. DE C.V.",ventas@tecnicamedical.com,,5553-3602-99, ," Cecilia 9, Colonia Benito Juárez, C.P. 57000, Ciudad Nezahualcoyotl, Estado de México",0
264,"TECNOFARMA, S.A. DE C.V.",contacto@tecnofarma.com,,5556-5762-51,Ana Lilia Romero Albarran ,"Oriente 10 No. 8 Colonia nuevo Parque Industrial, San Juan del Rio Entidad Federativa Queretaro. C.P. 76809 Azafrán 123, Colonia Granjas México, C.P. 08400, Ciuadad de México",0
265,TERUMO MEDICAL DE MEXICO S.A. DE C.V,,TMM93102972A,, , ,0
266,"TRANSMEDICA, S.A. DE C.V.",,TRA930216894,, , ,0
267,ULSA TECH S.A. DE C.V.,ventas1@ulsatech.com.mx,UTE140629QL8,3330-0168-00, ," Av. Doctor Roberto Michell 2546, Colonia Parque Industrial El G284ALAMO, Mirador álamo INDUSTRIAL, C.P. 44490, Guadalajara, Jalisco",0
268,"ULTRA LABORATORIOS, S.A. DE C.V.",atencionquejas@ultralaboratorios.com.mx,,3335-8723-70, ," Av. Dr. Roberto Michell 2920,  Col. Parque Industrial El álamo, C.P. 44490, Guadalaja, Jalisco",0
269,"VICTORY ENTERPRISES, S.A. DE C.V.",acorteze@victory-enterprises.com,VEN9603128D9,664-615-3200,Lic. Arturo Robles Hernandez ,"Carr. Ensenada Km 12.5 Sn. La Gloria, Tijuana, B.C. México 22645 Carretera Vieja a Ensenada KM 15, Colonia La Cuestecita, C.P. 22664, Tijuana Baja California",0
270,WOCKHARDT FARMACEUTICA SA DE CV,,WFA120621ET1,, ," Vito Alesio Robles 53, Col. Agricola Chimalistac, Alvaro Obregón, C.P. 01050, Ciudad de México ",0
271,"ZURICH PHARMA, S.A. DE C.V.",contacto@zurichpharma.com.mx,ZPH041130CN7,5563-8806-16,Omar Alvarez Moscoso ,"Av. Thiers 40, Col. Anzures, Alcaldía Miguel Hidalgo, C.P. 11590, Cdmx Calle Tiers 40, Col. Anzures, Miguel Hidalgo, C.P. 11590, Ciudad de México, ",0
